doc_font_median,errors,garbled_hint,language,line_merges,logical_lines,marker_rejected_table,median_line_height,mode,pages,pdf_path,prefix_dropped,prefix_fixed,raw_lines,removed_decor,removed_header_footer,removed_page_num,strong_marker_ratio,strong_markers,toc_pages,type_heading,type_list-item,type_other,type_paragraph,type_title,unit_drafts,units,valid,weak_marker_ratio,weak_markers
11.04,,False,en,10013,18740,0,14.694,marker_stack_tree,565,D:\code\Github\SLAC-test\SLAC\data\en\2018-03_Track_Rail_Infrastructure.pdf,0,0,30424,31,0,2205,0.320339,567,"0,1,6",280,74,354,1062,1,1770,1771,True,0.041808,74
8.445,,False,en,463,3070,0,10.134,marker_stack_tree,56,D:\code\Github\SLAC-test\SLAC\data\en\CELEX%3A32013R0321%3AEN%3ATXT.pdf,0,0,3755,0,112,166,0.240506,57,"3,13,14",96,52,49,40,1,237,238,True,0.532828,211
9.595,,False,en,728,5196,0,9.595,marker_stack_tree,109,D:\code\Github\SLAC-test\SLAC\data\en\CELEX%3A32014R1299%3AEN%3ATXT.pdf,1,0,6650,0,218,617,0.487528,215,6,281,45,38,77,1,441,442,True,0.102041,45
9.595,,False,en,588,2808,0,9.595,marker_stack_tree,69,D:\code\Github\SLAC-test\SLAC\data\en\CELEX%3A32014R1300%3AEN%3ATXT.pdf,0,0,3614,0,138,149,0.405858,97,6,139,73,2,26,,239,240,True,0.525714,184
9.595,,False,en,283,2339,0,9.595,marker_stack_tree,49,D:\code\Github\SLAC-test\SLAC\data\en\CELEX%3A32014R1301%3AEN%3ATXT.pdf,0,0,2852,0,98,181,0.204724,26,6,59,44,6,18,1,127,128,True,0.346457,44
9.595,,False,en,1820,8908,0,9.595,marker_stack_tree,166,D:\code\Github\SLAC-test\SLAC\data\en\CELEX%3A32014R1302%3AEN%3ATXT.pdf,0,0,11221,0,332,327,0.301158,156,,235,165,17,102,,518,519,True,0.559301,448
9.595,,False,en,203,1238,0,9.595,marker_stack_tree,27,D:\code\Github\SLAC-test\SLAC\data\en\CELEX%3A32014R1303%3AEN%3ATXT.pdf,0,0,1543,0,54,75,0.444444,36,,55,18,1,7,1,81,82,True,0.222222,18
9.595,,False,en,185,666,0,9.595,marker_stack_tree,17,D:\code\Github\SLAC-test\SLAC\data\en\CELEX%3A32014R1304%3AEN%3ATXT.pdf,0,0,938,0,34,70,0.227273,10,4,19,17,2,6,1,44,45,True,0.386364,17
9.595,,False,en,797,1853,0,9.595,marker_stack_tree,51,D:\code\Github\SLAC-test\SLAC\data\en\CELEX%3A32014R1305%3AEN%3ATXT.pdf,0,0,2771,0,102,70,0.348485,46,"3,11,15",71,35,4,23,,132,133,True,0.624031,161
9.595,,False,en,634,3666,0,9.595,marker_stack_tree,84,D:\code\Github\SLAC-test\SLAC\data\en\CELEX%3A32019R0773%3AEN%3ATXT.pdf,0,0,4392,0,168,8,0.448845,136,"3,12",186,84,3,30,1,303,304,True,0.555781,274
9.595,,False,en,1544,8606,0,9.595,marker_stack_tree,181,D:\code\Github\SLAC-test\SLAC\data\en\CELEX%3A32023R1695%3AEN%3ATXT.pdf,0,0,10664,0,362,333,0.464351,254,7,350,56,32,109,1,547,548,True,0.102377,56
11.0,,False,en,1250,2508,0,12.364,marker_stack_tree,78,D:\code\Github\SLAC-test\SLAC\data\en\GEGN8502-iss-2.pdf,0,0,4419,0,607,132,0.259259,28,"3,18",26,2,3,77,1,108,109,True,0.018519,2
9.96,,False,en,374,834,0,11.105,marker_stack_tree,27,D:\code\Github\SLAC-test\SLAC\data\en\GEGN8618-Iss-1.pdf,2,0,1341,0,132,28,0.322581,10,2,23,,2,7,,31,32,True,0.0,0
11.0,,False,en,1127,2302,0,12.364,marker_stack_tree,72,D:\code\Github\SLAC-test\SLAC\data\en\GEGN8628-Iss-2.pdf,0,0,3978,0,573,48,0.18797,25,2,18,36,2,77,1,133,134,True,0.270677,36
9.0,,False,en,264,300,0,10.044,marker_stack_tree,24,D:\code\Github\SLAC-test\SLAC\data\en\gert8000-hb17-iss-5.pdf,0,0,644,0,64,39,0.638298,30,"0,1",31,2,2,12,1,47,48,True,0.042553,2
11.0,,False,en,1124,1898,0,12.364,marker_stack_tree,64,D:\code\Github\SLAC-test\SLAC\data\en\GIGN7608-Iss-3.pdf,0,0,3505,0,503,44,0.545024,115,3,86,24,6,95,1,211,212,True,0.113744,24
9.96,,False,en,1114,2276,0,11.105,marker_stack_tree,67,D:\code\Github\SLAC-test\SLAC\data\en\GMRT2045-Iss-4.pdf,11,0,4497,0,804,370,0.482759,70,"3,4",59,8,3,75,1,145,146,True,0.055172,8
11.0,,False,en,429,844,0,12.364,marker_stack_tree,32,D:\code\Github\SLAC-test\SLAC\data\en\GMRT2111-Iss-3.pdf,0,0,1532,0,254,37,0.4,18,3,24,,2,19,1,45,46,True,0.0,0
9.96,,False,en,423,1339,0,11.105,marker_stack_tree,29,D:\code\Github\SLAC-test\SLAC\data\en\GMRT2142-Iss-41.pdf,3,0,2122,0,264,125,0.472727,26,2,22,,2,31,1,55,56,True,0.0,0
11.0,,False,en,378,1217,0,12.364,marker_stack_tree,38,D:\code\Github\SLAC-test\SLAC\data\en\GOGN3616-Iss-1-1.pdf,0,0,1896,0,296,43,0.173913,8,3,6,,2,38,1,46,47,True,0.0,0
9.595,,False,en,1172,3840,0,9.596,marker_stack_tree,85,D:\code\Github\SLAC-test\SLAC\data\en\OJ%3AL_202600253%3AEN%3ATXT.pdf,0,0,5268,0,169,172,0.47929,81,,116,10,1,43,,169,170,True,0.059172,10
9.96,,False,en,186,308,0,13.257,marker_stack_tree,12,D:\code\Github\SLAC-test\SLAC\data\en\RIS-1800-ENE-Iss-1.pdf,0,0,565,0,70,13,0.5,9,2,11,,2,6,,18,19,True,0.0,0
11.0,,False,en,144,309,0,12.364,marker_stack_tree,11,D:\code\Github\SLAC-test\SLAC\data\en\RIS-3413-TOM-Iss-2.pdf,0,0,539,0,87,10,0.357143,5,2,5,,2,8,,14,15,True,0.0,0
11.0,,False,en,393,891,0,12.364,marker_stack_tree,34,D:\code\Github\SLAC-test\SLAC\data\en\RIS-3782-TOM-Iss-1.pdf,0,0,1612,0,271,91,0.217391,10,2,13,6,2,25,1,46,47,True,0.130435,6
11.0,,False,en,776,2481,0,12.364,marker_stack_tree,74,D:\code\Github\SLAC-test\SLAC\data\en\RIS-7704-INS-Iss-1.pdf,0,0,4035,0,590,262,0.162879,43,2,53,97,37,77,1,264,265,True,0.367424,97
11.04,,False,en,127,154,0,14.871,marker_stack_tree,8,D:\code\Github\SLAC-test\SLAC\data\en\TGIR_EXPLANATION_20200801.pdf,0,0,289,0,8,8,0.590909,13,1,8,1,2,12,,22,23,True,0.045455,1
11.04,,False,en,334,346,0,11.04,marker_stack_tree,23,D:\code\Github\SLAC-test\SLAC\data\en\TN2301-Iss-1.pdf,0,0,731,0,46,28,0.34375,11,,4,,1,27,1,32,33,True,0.0,0
9.703,,False,zh,56,616,0,11.159,marker_stack_tree,14,D:\code\Github\SLAC-test\SLAC\data\zh\13281-2008-gbt-e-300.pdf,0,0,761,0,14,89,0.884615,115,,78,,3,49,1,130,131,True,0.0,0
9.704,,False,en,102,256,0,9.704,weak_fallback,9,D:\code\Github\SLAC-test\SLAC\data\zh\20908-2007-gbt-e-300.pdf,0,0,358,0,8,1,0.0,0,,3,,1,6,,9,10,True,0.0,0
9.704,,False,zh,67,423,0,11.644,marker_stack_tree,13,D:\code\Github\SLAC-test\SLAC\data\zh\23430-2009-gbt-e-300.pdf,0,0,546,0,13,56,0.962441,205,,77,,1,135,1,213,214,True,0.0,0
9.704,,False,zh,38,318,0,22.96,marker_stack_tree,10,D:\code\Github\SLAC-test\SLAC\data\zh\25772-2010-gbt-e-300.pdf,0,0,421,0,10,65,0.934211,71,,36,,1,39,1,76,77,True,0.0,0
9.704,,False,zh,51,1513,0,22.96,marker_stack_tree,24,D:\code\Github\SLAC-test\SLAC\data\zh\30012-2013-gbt-cd-300.pdf,0,0,1653,0,24,89,0.949296,337,1,73,,2,280,1,355,356,True,0.0,0
9.704,,False,zh,33,417,0,24.512,marker_stack_tree,14,D:\code\Github\SLAC-test\SLAC\data\zh\30013-2013-gbt-e-300.pdf,0,0,470,0,14,20,0.950276,172,,49,,1,131,1,181,182,True,0.0,0
9.96,,False,zh,1030,20408,0,10.494,marker_stack_tree,321,D:\code\Github\SLAC-test\SLAC\data\zh\GB 50157-2013 地铁设计规范.pdf,2,0,23588,0,0,2471,0.934809,4603,"3,4,5,6,7,8,9,10,11",3396,8,47,1473,1,4924,4925,True,0.001625,8
19.658,,False,zh,10,263,0,21.545,marker_stack_tree,11,D:\code\Github\SLAC-test\SLAC\data\zh\GB+10493-2018.pdf,0,0,286,0,11,13,0.857143,54,,15,,1,47,1,63,64,True,0.0,0
15.826,,False,en,13,149,0,20.727,marker_stack_tree,7,D:\code\Github\SLAC-test\SLAC\data\zh\GB+146.1-2020.pdf,0,0,167,0,7,5,0.206897,6,,13,,10,6,1,29,30,True,0.0,0
9.704,,False,zh,65,1191,0,11.159,marker_stack_tree,35,D:\code\Github\SLAC-test\SLAC\data\zh\GB+4387-2008.pdf,0,0,1394,0,35,138,0.879845,227,,81,,1,176,1,258,259,True,0.0,0
9.704,,True,en,188,1997,0,9.704,weak_fallback,27,D:\code\Github\SLAC-test\SLAC\data\zh\GBT+12758-2023.pdf,0,0,2184,0,26,0,0.0,0,,10,,1,16,1,27,28,True,0.0,0
14.958,,False,en,44,489,0,20.726,marker_stack_tree,13,D:\code\Github\SLAC-test\SLAC\data\zh\GBT+12817-2021.pdf,0,0,587,0,13,54,0.550633,87,,63,,41,54,1,158,159,True,0.0,0
9.704,,False,zh,406,4938,0,22.96,marker_stack_tree,55,D:\code\Github\SLAC-test\SLAC\data\zh\GBT+13317-2024.pdf,0,0,6602,0,50,1258,0.166667,10,2,13,,2,45,1,60,61,True,0.0,0
19.737,,False,zh,36,318,0,21.545,marker_stack_tree,12,D:\code\Github\SLAC-test\SLAC\data\zh\GBT+15566.3-2020.pdf,0,0,380,0,12,26,0.936,117,,71,,1,53,1,125,126,True,0.0,0
19.815,,False,zh,22,2362,0,20.212,marker_stack_tree,37,D:\code\Github\SLAC-test\SLAC\data\zh\GBT+16566-2018.pdf,0,0,2437,0,37,53,0.921053,245,,228,,1,37,1,266,267,True,0.0,0
9.704,,True,en,123,1048,0,10.189,weak_fallback,15,D:\code\Github\SLAC-test\SLAC\data\zh\GBT+22486-2022.pdf,0,0,1170,0,14,0,0.0,0,0,7,,2,7,,15,16,True,0.0,0
9.704,,False,en,67,392,0,11.159,weak_fallback,9,D:\code\Github\SLAC-test\SLAC\data\zh\GBT+25334.1-2023.pdf,0,0,466,0,16,0,0.0,0,,4,,1,5,,9,10,True,0.0,0
9.704,,False,en,56,419,0,10.189,weak_fallback,8,D:\code\Github\SLAC-test\SLAC\data\zh\GBT+25334.2-2023.pdf,0,0,481,0,14,0,0.0,0,,5,,1,3,,8,9,True,0.0,0
14.327,,False,en,24,426,0,20.698,marker_stack_tree,12,D:\code\Github\SLAC-test\SLAC\data\zh\GBT+25338.1-2019.pdf,0,0,510,0,12,60,0.71134,69,,68,,10,19,1,97,98,True,0.0,0
19.675,,False,zh,4,262,0,22.03,marker_stack_tree,10,D:\code\Github\SLAC-test\SLAC\data\zh\GBT+25341.1-2019.pdf,0,0,296,0,10,30,0.892857,75,0,50,,2,32,1,84,85,True,0.0,0
8.325,,False,zh,84,757,0,12.962,marker_stack_tree,27,D:\code\Github\SLAC-test\SLAC\data\zh\GBT+25341.3-2024.pdf,0,0,866,1,22,24,0.822917,79,,56,,1,39,1,96,97,True,0.0,0
17.181,,False,zh,19,543,0,18.313,marker_stack_tree,14,D:\code\Github\SLAC-test\SLAC\data\zh\GBT+28426-2021.pdf,0,0,596,0,14,34,0.890756,106,,63,,1,55,1,119,120,True,0.0,0
14.528,,False,en,21,576,0,21.212,marker_stack_tree,17,D:\code\Github\SLAC-test\SLAC\data\zh\GBT+32383-2020.pdf,0,0,656,0,17,59,0.551852,149,0,151,,68,51,1,270,271,True,0.0,0
19.965,,False,zh,3,1439,0,20.212,marker_stack_tree,24,D:\code\Github\SLAC-test\SLAC\data\zh\GBT+36505-2018.pdf,0,0,1470,0,24,28,0.466667,21,,35,,1,9,1,45,46,True,0.0,0
19.045,,False,zh,176,1560,0,20.212,marker_stack_tree,26,D:\code\Github\SLAC-test\SLAC\data\zh\GBT+36543-2018.pdf,0,0,1768,0,26,32,0.395349,17,,18,,1,24,1,43,44,True,0.0,0
17.04,,False,zh,134,2104,0,17.181,marker_stack_tree,35,D:\code\Github\SLAC-test\SLAC\data\zh\GBT+37439-2019.pdf,0,0,2378,0,35,140,0.75,93,,46,,1,77,1,124,125,True,0.0,0
13.977,,False,en,89,827,0,20.698,marker_stack_tree,23,D:\code\Github\SLAC-test\SLAC\data\zh\GBT+37532-2019.pdf,0,0,1024,0,23,108,0.570552,186,,157,,75,94,1,326,327,True,0.0,0
19.3,,False,zh,261,2082,0,20.727,marker_stack_tree,56,D:\code\Github\SLAC-test\SLAC\data\zh\GBT+38374-2019.pdf,0,0,2401,0,56,58,0.236111,17,,32,,1,39,1,72,73,True,0.0,0
13.402,,False,en,35,350,0,18.951,marker_stack_tree,12,D:\code\Github\SLAC-test\SLAC\data\zh\GBT+38604.2-2020.pdf,0,0,414,0,12,29,0.932692,97,0,66,,2,36,1,104,105,True,0.0,0
17.181,,False,zh,264,3063,0,18.726,marker_stack_tree,77,D:\code\Github\SLAC-test\SLAC\data\zh\GBT+38695-2020.pdf,0,0,3680,0,77,353,0.869198,412,,221,,1,252,1,474,475,True,0.0,0
12.484,,False,en,95,847,0,20.989,marker_stack_tree,25,D:\code\Github\SLAC-test\SLAC\data\zh\GBT+38707-2020.pdf,0,0,978,0,25,36,0.911579,433,,365,,19,91,1,475,476,True,0.0,0
13.286,,False,en,65,423,0,20.698,marker_stack_tree,37,D:\code\Github\SLAC-test\SLAC\data\zh\GBT+38709-2020.pdf,0,0,556,0,37,54,0.761538,99,,89,,5,36,1,130,131,True,0.0,0
8.248,,False,zh,35,1202,0,19.515,marker_stack_tree,27,D:\code\Github\SLAC-test\SLAC\data\zh\GBT+44554.6-2026.pdf,0,0,1394,0,52,124,0.630435,29,"2,8",39,,3,4,1,46,47,True,0.0,0
17.181,,False,zh,65,1021,0,17.181,marker_stack_tree,16,D:\code\Github\SLAC-test\SLAC\data\zh\GBT+5068-2019.pdf,0,0,1112,0,16,26,0.666667,56,,45,,8,31,1,84,85,True,0.0,0
9.704,,False,zh,86,1158,0,22.96,marker_stack_tree,23,D:\code\Github\SLAC-test\SLAC\data\zh\GBT+7928-2025.pdf,0,0,1345,0,20,101,0.929825,212,2,59,,2,167,1,228,229,True,0.0,0
9.48,,False,zh,1327,4390,0,9.96,marker_stack_tree,170,D:\code\Github\SLAC-test\SLAC\data\zh\TB10082-2017 铁路轨道设计规范2017.pdf,0,0,6565,0,0,1017,0.756874,523,"9,10",485,3,19,184,1,691,692,True,0.004342,3
9.96,,False,zh,4372,9316,0,9.96,marker_stack_tree,404,D:\code\Github\SLAC-test\SLAC\data\zh\TB10621-2014 高速铁路设计规范（条纹说明）.pdf,1,0,14704,0,0,1419,0.680836,977,"6,7,8,9,10,11",1016,7,65,347,1,1435,1436,True,0.004878,7
9.96,,False,zh,3149,7045,0,9.96,marker_stack_tree,290,D:\code\Github\SLAC-test\SLAC\data\zh\TB10623-2014 城际铁路设计规范（条文说明）.pdf,1,0,11872,0,0,1968,0.69306,779,"9,10,11,12,13,14",812,2,57,253,1,1124,1125,True,0.001779,2
8.314,,False,zh,965,20100,0,9.54,marker_stack_tree,333,D:\code\Github\SLAC-test\SLAC\data\zh\Ⅲ、Ⅳ级铁路设计规范.pdf,83,0,20952,0,0,220,0.83208,1660,11,1737,18,39,201,1,1995,1996,True,0.009023,18
15.96,,False,zh,88,304,0,15.96,marker_stack_tree,18,D:\code\Github\SLAC-test\SLAC\data\zh\上海市轨道交通管理条例_20210825.pdf,0,0,392,0,0,18,0.607143,68,"0,9",69,30,3,10,1,112,113,True,0.267857,30
15.96,,False,zh,85,253,0,15.96,marker_stack_tree,16,D:\code\Github\SLAC-test\SLAC\data\zh\中华人民共和国铁路法_20150424.pdf,0,0,338,0,0,16,0.793478,73,"0,6",68,5,3,16,1,92,93,True,0.054348,5
11.04,,False,zh,210,1066,0,14.04,marker_stack_tree,48,D:\code\Github\SLAC-test\SLAC\data\zh\交办运[2019]17号《城市轨道交通初期运营前安 (1).pdf,0,0,1278,0,0,50,0.575893,129,"3,8",156,56,3,9,1,224,225,True,0.25,56
8.725,,False,zh,63,1074,0,10.536,marker_stack_tree,17,D:\code\Github\SLAC-test\SLAC\data\zh\公路与铁路两用桥梁通用技术要求.pdf,0,0,1145,0,16,9,0.867257,98,1,92,,2,19,1,113,114,True,0.0,0
15.96,,False,zh,134,388,0,15.96,marker_stack_tree,27,D:\code\Github\SLAC-test\SLAC\data\zh\北京市轨道交通运营安全条例_.pdf,0,0,522,0,0,27,0.532468,82,"0,14",77,56,3,18,1,154,155,True,0.363636,56
8.961,,False,zh,1274,30534,0,10.44,marker_stack_tree,588,D:\code\Github\SLAC-test\SLAC\data\zh\地下铁道工程施工质量验收标准.pdf,432,0,31837,0,0,617,0.906027,4194,"7,8,9,10,11,12,13,14,15",3845,18,11,755,1,4629,4630,True,0.004321,20
8.976,,False,zh,722,6779,0,10.26,marker_stack_tree,164,D:\code\Github\SLAC-test\SLAC\data\zh\地铁快线设计标准(附条文说明).pdf,34,0,7579,0,0,242,0.812646,694,"6,7,8",712,8,21,113,1,854,855,True,0.009368,8
9.221,,False,zh,487,35314,0,11.274,marker_stack_tree,321,D:\code\Github\SLAC-test\SLAC\data\zh\地铁设计规范.pdf,376,0,36416,0,0,936,0.93981,4247,"4,5,6,7",3879,29,7,604,1,4519,4520,True,0.006417,29
24.659,,False,zh,221,5089,0,28.0,marker_stack_tree,133,D:\code\Github\SLAC-test\SLAC\data\zh\地铁限界标准(附条文说明).pdf,6,0,5321,0,0,141,0.751142,329,"5,7",367,12,3,56,1,438,439,True,0.027397,12
8.97,,False,zh,323,4905,0,10.306,marker_stack_tree,100,D:\code\Github\SLAC-test\SLAC\data\zh\城市轨道交通工程基本术语标准.pdf,24,0,5260,0,0,132,0.855738,522,"6,7,8",510,3,4,93,1,610,611,True,0.004918,3
10.0,,False,zh,551,1637,0,10.0,marker_stack_tree,79,D:\code\Github\SLAC-test\SLAC\data\zh\城市轨道交通技术规范.pdf,353,0,2423,0,0,314,0.857461,385,"5,7",347,,3,99,1,449,450,True,0.0,0
8.947,,False,zh,1070,21009,0,10.161,marker_stack_tree,400,D:\code\Github\SLAC-test\SLAC\data\zh\城市轨道交通直线电机牵引系统设计规范(附条文说明).pdf,208,0,22386,0,0,707,0.913453,3198,"0,6,7,8,10,11,12,13,16",3020,12,29,440,1,3501,3502,True,0.003713,13
8.323,,False,zh,942,6909,0,8.401,marker_stack_tree,156,D:\code\Github\SLAC-test\SLAC\data\zh\城市轨道交通设施设备分类与代码.pdf,623,0,9868,0,130,2042,0.825056,731,,877,2,1,6,1,886,887,True,0.002257,2
9.203,,False,zh,88,546,0,13.0,marker_stack_tree,14,D:\code\Github\SLAC-test\SLAC\data\zh\城市轨道交通试运营基本条件.pdf,6,0,626,0,0,6,0.588235,20,,21,,1,12,1,34,35,True,0.0,0
43.723,,False,zh,32,1952,0,31.0,marker_stack_tree,26,D:\code\Github\SLAC-test\SLAC\data\zh\城市轨道交通运营管理规范.pdf,0,0,2003,0,17,27,0.929878,305,13,268,1,2,57,1,328,329,True,0.003049,1
8.258,,False,zh,56,1417,0,9.562,marker_stack_tree,24,D:\code\Github\SLAC-test\SLAC\data\zh\城际铁路站台门系统.pdf,32,0,1484,0,22,11,0.934272,199,0,176,1,2,34,1,213,214,True,0.004695,1
13.5,,False,zh,1943,23814,0,16.612,marker_stack_tree,510,D:\code\Github\SLAC-test\SLAC\data\zh\城际铁路设计规范(附条文说明).pdf,213,0,25337,0,0,90,0.856814,2974,"9,10,11,12,13,14,15",2903,24,60,484,1,3471,3472,True,0.006914,24
11.014,,False,zh,576,2408,0,11.027,marker_stack_tree,84,D:\code\Github\SLAC-test\SLAC\data\zh\市域快速轨道交通设计标准.pdf,0,0,3393,0,0,493,0.869492,513,"6,8",468,,12,110,1,590,591,True,0.0,0
19.259,,False,zh,221,4829,0,23.294,marker_stack_tree,97,D:\code\Github\SLAC-test\SLAC\data\zh\改建铁路工程测量规范(附条文说明).pdf,12,0,4978,0,0,25,0.87907,567,5,546,11,4,85,,645,646,True,0.017054,11
8.534,,False,zh,80,1845,0,10.787,marker_stack_tree,28,D:\code\Github\SLAC-test\SLAC\data\zh\标准轨距铁路道岔.pdf,7,0,1949,0,28,24,0.899563,206,0,185,5,1,38,1,229,230,True,0.021834,5
10.56,,False,zh,488,855,0,10.56,marker_stack_tree,66,D:\code\Github\SLAC-test\SLAC\data\zh\浮置板轨道技术规范.pdf,0,0,1356,0,0,73,0.886364,312,"7,8",252,,3,97,1,352,353,True,0.0,0
8.897,,False,zh,710,6667,0,10.44,marker_stack_tree,172,D:\code\Github\SLAC-test\SLAC\data\zh\磁浮铁路技术标准(试行)(附条文说明).pdf,34,0,7300,0,0,94,0.799534,686,6,659,17,7,175,1,858,859,True,0.019814,17
18.799,,False,zh,432,6815,0,21.94,marker_stack_tree,139,D:\code\Github\SLAC-test\SLAC\data\zh\绿色铁路客站评价标准(附条文说明).pdf,32,0,7132,0,0,24,0.855932,707,,628,11,1,186,1,826,827,True,0.013317,11
15.96,,False,zh,121,424,0,17.668,marker_stack_tree,24,D:\code\Github\SLAC-test\SLAC\data\zh\苏州市轨道交通条例_20221012.pdf,0,0,521,0,0,0,0.457746,65,"0,15",63,60,3,16,1,142,143,True,0.464052,71
15.96,,False,zh,153,342,0,15.96,marker_stack_tree,23,D:\code\Github\SLAC-test\SLAC\data\zh\重庆市轨道交通条例_20250326.pdf,0,0,495,0,0,23,0.534351,70,"0,12",68,45,3,15,1,131,132,True,0.343511,45
12.215,,False,zh,1019,14722,0,13.913,marker_stack_tree,283,D:\code\Github\SLAC-test\SLAC\data\zh\重载铁路设计规范(附条文说明).pdf,99,0,15539,0,0,80,0.833974,1301,"7,8,11",1311,12,19,218,1,1560,1561,True,0.007692,12
8.658,,False,zh,449,5834,0,10.206,marker_stack_tree,135,D:\code\Github\SLAC-test\SLAC\data\zh\铁路专用线设计规范(试行)(附条文说明).pdf,26,0,6173,0,0,25,0.842397,759,"7,9,16,17,18",710,6,31,154,1,901,902,True,0.006659,6
15.96,,False,zh,68,173,0,17.668,marker_stack_tree,12,D:\code\Github\SLAC-test\SLAC\data\zh\铁路交通事故应急救援和调查处理条例_20121109.pdf,0,0,238,0,0,9,0.579545,51,,46,27,1,14,1,88,89,True,0.306818,27
8.309,,False,zh,51,1090,0,9.54,marker_stack_tree,17,D:\code\Github\SLAC-test\SLAC\data\zh\铁路信号安全数据网.pdf,53,0,1156,0,12,20,0.909091,170,,163,2,1,21,1,187,188,True,0.010695,2
8.569,,False,zh,917,16858,0,10.159,marker_stack_tree,349,D:\code\Github\SLAC-test\SLAC\data\zh\铁路信号工程施工质量验收标准(附条文说明).pdf,125,0,17497,0,0,70,0.845983,1527,"3,4,10,11,12,13,14",1399,4,8,394,1,1805,1806,True,0.002216,4
9.16,,False,zh,160,1797,0,11.032,marker_stack_tree,36,D:\code\Github\SLAC-test\SLAC\data\zh\铁路信号电源系统设备 第1部分_通用要求.pdf,20,0,1979,0,26,32,0.864198,210,"0,1",223,1,3,16,1,243,244,True,0.004115,1
8.629,,False,zh,93,1795,0,9.52,marker_stack_tree,45,D:\code\Github\SLAC-test\SLAC\data\zh\铁路信号符号.pdf,1,0,2125,0,45,237,0.812977,213,,246,11,1,4,1,262,263,True,0.041985,11
9.165,,False,zh,38,680,0,12.025,marker_stack_tree,16,D:\code\Github\SLAC-test\SLAC\data\zh\铁路后张法预应力混凝土梁管道压浆技术条件.pdf,0,0,718,0,11,5,0.899281,125,,120,,1,18,1,139,140,True,0.0,0
36.469,,False,zh,132,3027,0,37.0,marker_stack_tree,73,D:\code\Github\SLAC-test\SLAC\data\zh\铁路声屏障工程施工质量验收标准(附条文说明).pdf,14,0,3104,0,0,18,0.838645,421,"6,7",387,1,16,98,1,502,503,True,0.001992,1
10.57,,False,zh,556,2702,0,10.0,marker_stack_tree,70,D:\code\Github\SLAC-test\SLAC\data\zh\铁路天然建筑材料工程地质勘察规程(附条文说明).pdf,1,0,3316,0,0,128,0.056818,5,,68,,8,12,1,88,89,True,0.0,0
15.96,,False,zh,186,468,0,15.96,marker_stack_tree,31,D:\code\Github\SLAC-test\SLAC\data\zh\铁路安全管理条例_20130817.pdf,0,0,632,0,0,9,0.538117,120,,119,83,1,20,1,223,224,True,0.372197,83
12.787,,False,zh,605,7812,0,14.799,marker_stack_tree,207,D:\code\Github\SLAC-test\SLAC\data\zh\铁路工程制图标准.pdf,40,0,8320,0,0,108,0.849956,963,"7,8,10,11,17",945,26,15,147,1,1133,1134,True,0.022948,26
14.0,,False,zh,1065,1829,0,18.676,marker_stack_tree,88,D:\code\Github\SLAC-test\SLAC\data\zh\铁路工程卫星定位测量规范(附条文说明).pdf,6,0,2848,0,0,41,0.123894,14,6,51,14,2,46,1,113,114,True,0.123894,14
12.325,,False,zh,1027,14032,0,14.804,marker_stack_tree,303,D:\code\Github\SLAC-test\SLAC\data\zh\铁路工程地质原位测试规程(附条文说明).pdf,101,0,14953,0,0,196,0.783802,1142,"0,5,6,7",1135,35,26,262,,1457,1458,True,0.024022,35
11.177,,False,zh,421,9976,0,13.139,marker_stack_tree,169,D:\code\Github\SLAC-test\SLAC\data\zh\铁路工程地质钻探规程(附条文说明).pdf,34,0,10418,0,0,187,0.892797,1066,,1061,7,1,125,1,1194,1195,True,0.005863,7
8.437,,False,zh,233,12111,0,9.371,marker_stack_tree,238,D:\code\Github\SLAC-test\SLAC\data\zh\铁路工程基本术语标准.pdf,189,0,12158,0,0,49,0.935206,2064,7,2002,26,2,177,1,2207,2208,True,0.011781,26
12.157,,False,zh,107,1729,0,13.846,marker_stack_tree,43,D:\code\Github\SLAC-test\SLAC\data\zh\铁路工程环境保护设计规范(附条文说明).pdf,8,0,1805,0,0,12,0.891697,247,,246,1,1,29,1,277,278,True,0.00361,1
9.183,,False,zh,180,3936,0,10.26,marker_stack_tree,72,D:\code\Github\SLAC-test\SLAC\data\zh\铁路房屋建筑设计标准(附条文说明).pdf,21,0,4068,0,0,24,0.910859,562,"3,4,8",533,3,5,76,1,617,618,True,0.004862,3
8.964,,False,zh,173,2989,0,11.523,marker_stack_tree,82,D:\code\Github\SLAC-test\SLAC\data\zh\铁路数字移动通信系统(GSM-R)设计规范(附条文说明).pdf,34,0,3094,0,0,14,0.911147,564,"7,8",506,,5,108,1,619,620,True,0.0,0
12.649,,False,zh,695,1854,0,12.0,weak_fallback,84,D:\code\Github\SLAC-test\SLAC\data\zh\铁路旅客车站建筑设计规范(2011年版).pdf,0,0,2710,0,0,245,0.0,0,,46,,7,45,1,98,99,True,0.0,0
8.744,,False,zh,472,5026,0,10.105,marker_stack_tree,118,D:\code\Github\SLAC-test\SLAC\data\zh\铁路旅客车站设计规范（附条文说明））(附2022年局部修订).pdf,60,0,5386,0,0,6,0.927522,947,"7,8,9",846,1,4,170,1,1021,1022,True,0.000979,1
8.514,,False,zh,72,1566,0,9.54,marker_stack_tree,27,D:\code\Github\SLAC-test\SLAC\data\zh\铁路桥梁钢支座.pdf,5,0,1666,0,26,29,0.842105,128,,143,2,1,6,1,152,153,True,0.013158,2
12.123,,False,zh,369,7053,0,14.376,marker_stack_tree,144,D:\code\Github\SLAC-test\SLAC\data\zh\铁路桥梁钢结构设计规范(附条文说明).pdf,14,0,7497,0,0,218,0.713542,411,8,492,8,24,52,1,576,577,True,0.015625,9
4.823,,False,zh,245,3909,0,5.7,marker_stack_tree,44,D:\code\Github\SLAC-test\SLAC\data\zh\铁路混凝土结构耐久性设计规范(附条文说明).pdf,31,0,4408,0,0,298,0.731429,128,,135,5,1,34,1,175,176,True,0.028571,5
8.814,,False,zh,292,3216,0,10.26,marker_stack_tree,82,D:\code\Github\SLAC-test\SLAC\data\zh\铁路照明设计规范(附条文说明).pdf,11,0,3435,0,0,9,0.916918,607,"5,6",567,3,3,90,,662,663,True,0.004532,3
9.198,,False,zh,458,8677,0,10.767,marker_stack_tree,195,D:\code\Github\SLAC-test\SLAC\data\zh\铁路电力工程施工质量验收标准(附条文说明).pdf,43,0,9114,0,0,174,0.870235,1073,"3,4,10,11,12,13",1019,15,12,187,1,1233,1234,True,0.012165,15
8.732,,False,zh,503,5176,0,10.26,marker_stack_tree,131,D:\code\Github\SLAC-test\SLAC\data\zh\铁路电力设计规范(附条文说明).pdf,26,0,5564,0,0,16,0.903156,830,"7,8,9",768,3,5,143,1,919,920,True,0.003264,3
8.727,,False,zh,2224,20178,0,9.97,marker_stack_tree,420,D:\code\Github\SLAC-test\SLAC\data\zh\铁路线路设计规范(附条文说明).pdf,100,0,22862,0,0,880,0.510668,742,7,918,31,160,344,1,1453,1454,True,0.021335,31
15.373,,False,zh,358,9831,0,20.43,marker_stack_tree,136,D:\code\Github\SLAC-test\SLAC\data\zh\铁路路基支挡结构设计规范.pdf,19,0,10112,0,0,59,0.883568,941,"2,3",894,5,8,158,1,1065,1066,True,0.004695,5
8.388,,False,zh,29,855,0,9.694,marker_stack_tree,12,D:\code\Github\SLAC-test\SLAC\data\zh\铁路路基病害分类.pdf,6,0,883,0,9,2,0.871795,68,,76,,1,1,1,78,79,True,0.0,0
8.982,,False,zh,263,5177,0,11.038,marker_stack_tree,130,D:\code\Github\SLAC-test\SLAC\data\zh\铁路轨道工程施工安全技术规程(附条文说明).pdf,16,0,5328,0,0,18,0.948614,1403,"2,3,7,8,9",1243,3,6,227,1,1479,1480,True,0.002028,3
12.195,,False,zh,628,6969,0,13.921,marker_stack_tree,167,D:\code\Github\SLAC-test\SLAC\data\zh\铁路轨道设计规范(附条文说明) (1).pdf,29,0,7520,0,0,90,0.804317,559,"6,7",584,3,3,105,1,695,696,True,0.004317,3
12.195,,False,zh,628,6969,0,13.921,marker_stack_tree,167,D:\code\Github\SLAC-test\SLAC\data\zh\铁路轨道设计规范(附条文说明).pdf,29,0,7520,0,0,90,0.804317,559,"6,7",584,3,3,105,1,695,696,True,0.004317,3
9.48,,False,zh,2073,8973,0,9.96,marker_stack_tree,296,D:\code\Github\SLAC-test\SLAC\data\zh\铁路轨道设计规范（极限状态法）.pdf,2,0,12058,0,0,1307,0.743633,876,"6,7",783,7,25,363,1,1178,1179,True,0.005942,7
12.136,,False,zh,394,8641,0,14.185,marker_stack_tree,178,D:\code\Github\SLAC-test\SLAC\data\zh\铁路通信设计规范(附条文说明).pdf,100,0,8877,0,0,20,0.918489,1386,"7,8,9,10",1263,4,6,236,1,1509,1510,True,0.002651,4
8.537,,False,zh,60,692,0,10.37,marker_stack_tree,16,D:\code\Github\SLAC-test\SLAC\data\zh\铁路道岔转换设备 道岔外锁闭装置.pdf,7,0,759,0,12,11,0.890625,114,,110,2,1,15,1,128,129,True,0.015625,2
11.598,,False,zh,153,3820,0,12.997,marker_stack_tree,72,D:\code\Github\SLAC-test\SLAC\data\zh\铁路防雷及接地工程技术规范(附条文说明).pdf,24,0,3938,0,0,37,0.898148,485,7,490,2,3,45,1,540,541,True,0.003704,2
13.299,,False,zh,1265,15818,0,15.687,marker_stack_tree,334,D:\code\Github\SLAC-test\SLAC\data\zh\铁路隧道设计规范(附条文说明).pdf,115,0,16904,0,0,155,0.819322,1306,"0,8,9,10,11",1311,23,8,252,1,1594,1595,True,0.014429,23
9.426,,False,zh,221,2633,0,11.416,marker_stack_tree,70,D:\code\Github\SLAC-test\SLAC\data\zh\铁路隧道运营通风设计规范(附条文说明).pdf,6,0,2803,0,0,19,0.783217,224,6,229,6,2,49,1,286,287,True,0.020979,6
8.587,,False,zh,56,985,0,9.798,marker_stack_tree,20,D:\code\Github\SLAC-test\SLAC\data\zh\铁道客车及动车组空调装置运用试验方法.pdf,9,0,1054,0,20,13,0.83871,78,0,84,,2,7,1,93,94,True,0.0,0
15.96,,False,zh,150,447,0,15.96,marker_stack_tree,27,D:\code\Github\SLAC-test\SLAC\data\zh\长沙市轨道交通条例_20221021.pdf,0,0,597,0,0,27,0.485714,85,"0,13",86,71,3,15,1,175,176,True,0.405714,71
21.332,,False,zh,63,299,0,30.504,marker_stack_tree,11,D:\code\Github\SLAC-test\SLAC\data\zh\高速铁路岔区轨枕埋入式无砟轨道混凝土岔枕.pdf,3,0,397,0,11,35,0.52,13,,15,1,1,8,1,25,26,True,0.04,1
9.397,,False,zh,153,7106,0,11.655,marker_stack_tree,81,D:\code\Github\SLAC-test\SLAC\data\zh\高速铁路工程测量规范(附条文说明).pdf,22,0,7234,0,0,56,0.928505,1000,"5,6",901,16,3,157,1,1077,1078,True,0.014856,16
8.861,,False,zh,47,523,0,10.32,marker_stack_tree,16,D:\code\Github\SLAC-test\SLAC\data\zh\高速铁路无砟轨道不平顺谱.pdf,1,0,578,0,12,11,0.545455,36,,50,1,9,6,1,66,67,True,0.015152,1
12.095,,False,zh,375,9798,0,13.921,marker_stack_tree,215,D:\code\Github\SLAC-test\SLAC\data\zh\高速铁路桥涵工程施工质量验收标准(附条文说明).pdf,148,0,10014,0,0,55,0.896956,1532,"2,3,10,12",1439,7,5,257,1,1708,1709,True,0.004098,7
12.721,,False,zh,417,9073,0,14.401,marker_stack_tree,188,D:\code\Github\SLAC-test\SLAC\data\zh\高速铁路电力工程施工质量验收标准(附条文说明).pdf,25,0,9420,0,0,117,0.86745,1034,"2,3,10,11,12",1011,7,12,162,1,1192,1193,True,0.005872,7
33.813,,False,zh,23,856,0,37.0,marker_stack_tree,13,D:\code\Github\SLAC-test\SLAC\data\zh\高速铁路箱梁运梁车.pdf,11,0,878,0,9,3,0.945946,140,,128,,1,19,1,148,149,True,0.0,0
11.903,,False,zh,575,12788,0,13.683,marker_stack_tree,263,D:\code\Github\SLAC-test\SLAC\data\zh\高速铁路设计规范.pdf,199,0,13178,0,0,77,0.917842,2212,"7,8,9,10,11,12,13",2149,9,19,233,1,2410,2411,True,0.003734,9
12.127,,False,zh,830,16317,0,13.921,marker_stack_tree,316,D:\code\Github\SLAC-test\SLAC\data\zh\高速铁路路基工程施工质量验收标准(附条文说明).pdf,226,0,16895,0,0,62,0.884497,2014,"2,3,11",1942,11,6,318,1,2277,2278,True,0.004831,11
12.169,,False,zh,387,8342,0,13.921,marker_stack_tree,192,D:\code\Github\SLAC-test\SLAC\data\zh\高速铁路轨道工程施工质量验收标准(附条文说明).pdf,56,0,8575,0,0,37,0.900501,1258,"2,3,10,11,12,13",1188,,9,200,1,1397,1398,True,0.0,0
12.093,,False,zh,228,4854,0,13.921,marker_stack_tree,118,D:\code\Github\SLAC-test\SLAC\data\zh\高速铁路隧道工程施工质量验收标准(附条文说明).pdf,39,0,5017,0,0,50,0.890931,727,"2,3,10,11,12",684,2,6,124,1,816,817,True,0.002451,2
