errors,language,merged_lines,mode,pages,prefix_dropped,prefix_fixed,stitched_marker_fragments,strong_marker_ratio,strong_marker_starts,txt_path,units,valid,weak_marker_ratio,weak_marker_starts
,zh,328,marker_stack_tree,1,0,0,0,0.991379,115,D:\code\Github\SLAC-test\SLAC\data\extracted_text\13281-2008-gbt-e-300.txt,117,True,0.0,0
,en,2194,marker_stack_tree,1,1,0,0,0.612903,76,D:\code\Github\SLAC-test\SLAC\data\extracted_text\2018-03_Track_Rail_Infrastructure.txt,125,True,0.387097,48
,other,59,marker_stack_tree,1,0,0,0,0.5,1,D:\code\Github\SLAC-test\SLAC\data\extracted_text\20908-2007-gbt-e-300.txt,3,True,0.0,0
,zh,133,marker_stack_tree,1,0,0,0,0.995146,205,D:\code\Github\SLAC-test\SLAC\data\extracted_text\23430-2009-gbt-e-300.txt,207,True,0.0,0
,zh,121,marker_stack_tree,1,0,0,0,0.870968,27,D:\code\Github\SLAC-test\SLAC\data\extracted_text\25772-2010-gbt-e-300.txt,32,True,0.096774,3
,zh,36,marker_stack_tree,1,0,0,0,0.709302,122,D:\code\Github\SLAC-test\SLAC\data\extracted_text\30012-2013-gbt-cd-300.txt,173,True,0.284884,49
,zh,42,marker_stack_tree,1,0,0,0,0.767241,89,D:\code\Github\SLAC-test\SLAC\data\extracted_text\30013-2013-gbt-e-300.txt,117,True,0.224138,26
,en,313,marker_stack_tree,1,0,0,9,0.036199,8,D:\code\Github\SLAC-test\SLAC\data\extracted_text\CELEX%3A32013R0321%3AEN%3ATXT.txt,222,True,0.959276,212
,en,163,marker_stack_tree,1,0,0,12,0.324675,25,D:\code\Github\SLAC-test\SLAC\data\extracted_text\CELEX%3A32014R1299%3AEN%3ATXT.txt,78,True,0.662338,51
,en,184,marker_stack_tree,1,0,0,12,0.020942,4,D:\code\Github\SLAC-test\SLAC\data\extracted_text\CELEX%3A32014R1300%3AEN%3ATXT.txt,192,True,0.979058,187
,en,306,marker_stack_tree,1,0,0,12,0.4,32,D:\code\Github\SLAC-test\SLAC\data\extracted_text\CELEX%3A32014R1301%3AEN%3ATXT.txt,81,True,0.6,48
,en,1619,marker_stack_tree,1,0,0,15,0.060976,35,D:\code\Github\SLAC-test\SLAC\data\extracted_text\CELEX%3A32014R1302%3AEN%3ATXT.txt,575,True,0.937282,538
,en,38,marker_stack_tree,1,0,0,11,0.130435,3,D:\code\Github\SLAC-test\SLAC\data\extracted_text\CELEX%3A32014R1303%3AEN%3ATXT.txt,24,True,0.869565,20
,en,41,weak_fallback,1,0,0,8,0.0,0,D:\code\Github\SLAC-test\SLAC\data\extracted_text\CELEX%3A32014R1304%3AEN%3ATXT.txt,2,True,0.0,0
,en,67,marker_stack_tree,1,0,0,14,0.045918,9,D:\code\Github\SLAC-test\SLAC\data\extracted_text\CELEX%3A32014R1305%3AEN%3ATXT.txt,197,True,0.954082,187
,en,271,marker_stack_tree,1,0,0,14,0.042763,13,D:\code\Github\SLAC-test\SLAC\data\extracted_text\CELEX%3A32019R0773%3AEN%3ATXT.txt,305,True,0.957237,291
,en,839,marker_stack_tree,1,0,0,11,0.698276,162,D:\code\Github\SLAC-test\SLAC\data\extracted_text\CELEX%3A32023R1695%3AEN%3ATXT.txt,233,True,0.301724,70
,zh,5430,marker_stack_tree,1,0,0,0,0.99373,634,D:\code\Github\SLAC-test\SLAC\data\extracted_text\GB 50157-2013 地铁设计规范.txt,639,True,0.004702,3
,zh,70,marker_stack_tree,1,0,0,0,0.981818,54,D:\code\Github\SLAC-test\SLAC\data\extracted_text\GB+10493-2018.txt,56,True,0.0,0
,zh,52,marker_stack_tree,1,0,0,0,0.962963,26,D:\code\Github\SLAC-test\SLAC\data\extracted_text\GB+146.1-2020.txt,28,True,0.0,0
,zh,525,marker_stack_tree,1,0,0,0,0.995633,228,D:\code\Github\SLAC-test\SLAC\data\extracted_text\GB+4387-2008.txt,230,True,0.0,0
,other,387,marker_stack_tree,1,0,0,0,0.873563,152,D:\code\Github\SLAC-test\SLAC\data\extracted_text\GBT+12758-2023.txt,175,True,0.12069,21
,zh,103,marker_stack_tree,1,0,0,0,0.990385,103,D:\code\Github\SLAC-test\SLAC\data\extracted_text\GBT+12817-2021.txt,105,True,0.0,0
,zh,415,marker_stack_tree,1,0,0,0,0.666667,2,D:\code\Github\SLAC-test\SLAC\data\extracted_text\GBT+13317-2024.txt,4,True,0.0,0
,zh,59,marker_stack_tree,1,0,0,0,0.991525,117,D:\code\Github\SLAC-test\SLAC\data\extracted_text\GBT+15566.3-2020.txt,119,True,0.0,0
,zh,847,marker_stack_tree,1,0,0,0,0.995935,245,D:\code\Github\SLAC-test\SLAC\data\extracted_text\GBT+16566-2018.txt,247,True,0.0,0
,other,368,marker_stack_tree,1,0,0,0,0.935897,73,D:\code\Github\SLAC-test\SLAC\data\extracted_text\GBT+22486-2022.txt,79,True,0.051282,4
,other,158,marker_stack_tree,1,0,0,0,0.545455,6,D:\code\Github\SLAC-test\SLAC\data\extracted_text\GBT+25334.1-2023.txt,12,True,0.363636,4
,other,189,marker_stack_tree,1,0,0,0,0.894737,17,D:\code\Github\SLAC-test\SLAC\data\extracted_text\GBT+25334.2-2023.txt,20,True,0.052632,1
,zh,123,marker_stack_tree,1,0,0,0,0.9,63,D:\code\Github\SLAC-test\SLAC\data\extracted_text\GBT+25338.1-2019.txt,71,True,0.085714,6
,zh,40,marker_stack_tree,1,0,0,0,0.988372,85,D:\code\Github\SLAC-test\SLAC\data\extracted_text\GBT+25341.1-2019.txt,87,True,0.0,0
,zh,359,marker_stack_tree,1,0,0,0,0.942857,33,D:\code\Github\SLAC-test\SLAC\data\extracted_text\GBT+25341.3-2024.txt,36,True,0.028571,1
,zh,312,marker_stack_tree,1,0,0,0,0.991071,111,D:\code\Github\SLAC-test\SLAC\data\extracted_text\GBT+28426-2021.txt,113,True,0.0,0
,zh,80,marker_stack_tree,1,0,0,0,0.95,171,D:\code\Github\SLAC-test\SLAC\data\extracted_text\GBT+32383-2020.txt,181,True,0.044444,8
,zh,668,marker_stack_tree,1,0,0,0,0.954545,21,D:\code\Github\SLAC-test\SLAC\data\extracted_text\GBT+36505-2018.txt,23,True,0.0,0
,zh,743,marker_stack_tree,1,0,0,0,0.941176,16,D:\code\Github\SLAC-test\SLAC\data\extracted_text\GBT+36543-2018.txt,18,True,0.0,0
,zh,1490,marker_stack_tree,1,0,0,0,0.989362,93,D:\code\Github\SLAC-test\SLAC\data\extracted_text\GBT+37439-2019.txt,95,True,0.0,0
,zh,292,marker_stack_tree,1,0,0,0,0.982301,222,D:\code\Github\SLAC-test\SLAC\data\extracted_text\GBT+37532-2019.txt,227,True,0.013274,3
,zh,878,marker_stack_tree,1,0,0,0,0.894737,17,D:\code\Github\SLAC-test\SLAC\data\extracted_text\GBT+38374-2019.txt,20,True,0.052632,1
,zh,97,marker_stack_tree,1,0,0,0,0.979798,97,D:\code\Github\SLAC-test\SLAC\data\extracted_text\GBT+38604.2-2020.txt,100,True,0.010101,1
,zh,1795,marker_stack_tree,1,0,0,0,0.997579,412,D:\code\Github\SLAC-test\SLAC\data\extracted_text\GBT+38695-2020.txt,414,True,0.0,0
,zh,106,marker_stack_tree,1,0,0,0,0.986226,358,D:\code\Github\SLAC-test\SLAC\data\extracted_text\GBT+38707-2020.txt,364,True,0.011019,4
,zh,292,marker_stack_tree,1,0,0,0,0.960317,121,D:\code\Github\SLAC-test\SLAC\data\extracted_text\GBT+38709-2020.txt,127,True,0.031746,4
,zh,449,marker_stack_tree,1,0,0,0,0.8,8,D:\code\Github\SLAC-test\SLAC\data\extracted_text\GBT+44554.6-2026.txt,11,True,0.1,1
,zh,833,marker_stack_tree,1,0,0,0,0.982456,56,D:\code\Github\SLAC-test\SLAC\data\extracted_text\GBT+5068-2019.txt,58,True,0.0,0
,zh,181,marker_stack_tree,1,0,0,0,0.908257,99,D:\code\Github\SLAC-test\SLAC\data\extracted_text\GBT+7928-2025.txt,110,True,0.082569,9
,en,96,weak_fallback,1,0,0,0,0.0,0,D:\code\Github\SLAC-test\SLAC\data\extracted_text\GEGN8502-iss-2.txt,3,True,0.5,1
,en,117,marker_stack_tree,1,0,0,0,0.8,4,D:\code\Github\SLAC-test\SLAC\data\extracted_text\GEGN8618-Iss-1.txt,6,True,0.0,0
,en,111,weak_fallback,1,0,0,0,0.0,0,D:\code\Github\SLAC-test\SLAC\data\extracted_text\GEGN8628-Iss-2.txt,4,True,0.666667,2
,en,64,weak_fallback,1,0,0,0,0.0,0,D:\code\Github\SLAC-test\SLAC\data\extracted_text\gert8000-hb17-iss-5.txt,4,True,1.0,3
,en,99,marker_stack_tree,1,0,0,0,0.333333,1,D:\code\Github\SLAC-test\SLAC\data\extracted_text\GIGN7608-Iss-3.txt,4,True,0.333333,1
,en,310,marker_stack_tree,1,0,0,0,0.645161,20,D:\code\Github\SLAC-test\SLAC\data\extracted_text\GMRT2045-Iss-4.txt,32,True,0.322581,10
,en,20,weak_fallback,1,0,0,0,0.0,0,D:\code\Github\SLAC-test\SLAC\data\extracted_text\GMRT2111-Iss-3.txt,2,True,0.0,0
,en,555,marker_stack_tree,1,0,0,0,0.945946,35,D:\code\Github\SLAC-test\SLAC\data\extracted_text\GMRT2142-Iss-41.txt,38,True,0.054054,2
,en,66,marker_stack_tree,1,0,0,0,0.5,1,D:\code\Github\SLAC-test\SLAC\data\extracted_text\GOGN3616-Iss-1-1.txt,3,True,0.0,0
,en,740,marker_stack_tree,1,0,0,7,0.533981,55,D:\code\Github\SLAC-test\SLAC\data\extracted_text\OJ%3AL_202600253%3AEN%3ATXT.txt,104,True,0.466019,48
,en,64,marker_stack_tree,1,0,0,0,0.888889,8,D:\code\Github\SLAC-test\SLAC\data\extracted_text\RIS-1800-ENE-Iss-1.txt,10,True,0.0,0
,en,11,marker_stack_tree,1,0,0,0,0.5,1,D:\code\Github\SLAC-test\SLAC\data\extracted_text\RIS-3413-TOM-Iss-2.txt,3,True,0.0,0
,en,25,marker_stack_tree,1,0,0,0,0.666667,2,D:\code\Github\SLAC-test\SLAC\data\extracted_text\RIS-3782-TOM-Iss-1.txt,4,True,0.0,0
,en,152,marker_stack_tree,1,0,0,0,0.2,16,D:\code\Github\SLAC-test\SLAC\data\extracted_text\RIS-7704-INS-Iss-1.txt,81,True,0.7875,63
,zh,1963,marker_stack_tree,1,0,0,3,0.997067,340,D:\code\Github\SLAC-test\SLAC\data\extracted_text\TB10082-2017 铁路轨道设计规范2017.txt,342,True,0.0,0
,zh,4061,marker_stack_tree,1,0,0,0,0.973822,186,D:\code\Github\SLAC-test\SLAC\data\extracted_text\TB10621-2014 高速铁路设计规范（条纹说明）.txt,192,True,0.020942,4
,zh,3103,marker_stack_tree,1,0,0,0,0.985075,132,D:\code\Github\SLAC-test\SLAC\data\extracted_text\TB10623-2014 城际铁路设计规范（条文说明）.txt,135,True,0.007463,1
,en,13,marker_stack_tree,1,0,0,0,0.909091,10,D:\code\Github\SLAC-test\SLAC\data\extracted_text\TGIR_EXPLANATION_20200801.txt,12,True,0.090909,1
,en,41,marker_stack_tree,1,0,0,0,0.166667,1,D:\code\Github\SLAC-test\SLAC\data\extracted_text\TN2301-Iss-1.txt,7,True,0.833333,5
,zh,8124,marker_stack_tree,1,27,0,0,0.937581,721,D:\code\Github\SLAC-test\SLAC\data\extracted_text\Ⅲ、Ⅳ级铁路设计规范.txt,770,True,0.061118,47
,zh,38,marker_stack_tree,1,0,0,0,0.8,4,D:\code\Github\SLAC-test\SLAC\data\extracted_text\上海市轨道交通管理条例_20210825.txt,6,True,0.0,0
,zh,23,marker_stack_tree,1,0,0,0,0.9,9,D:\code\Github\SLAC-test\SLAC\data\extracted_text\中华人民共和国铁路法_20150424.txt,11,True,0.0,0
,zh,157,marker_stack_tree,1,0,0,0,0.923077,12,D:\code\Github\SLAC-test\SLAC\data\extracted_text\交办运[2019]17号《城市轨道交通初期运营前安 (1).txt,14,True,0.0,0
,en,376,marker_stack_tree,1,0,0,0,0.734375,47,D:\code\Github\SLAC-test\SLAC\data\extracted_text\公路与铁路两用桥梁通用技术要求.txt,65,True,0.25,16
,zh,40,marker_stack_tree,1,0,0,0,0.857143,6,D:\code\Github\SLAC-test\SLAC\data\extracted_text\北京市轨道交通运营安全条例_.txt,8,True,0.0,0
,zh,8579,marker_stack_tree,1,96,0,0,0.987013,532,D:\code\Github\SLAC-test\SLAC\data\extracted_text\地下铁道工程施工质量验收标准.txt,540,True,0.011132,6
,zh,2271,marker_stack_tree,1,0,0,0,0.958333,69,D:\code\Github\SLAC-test\SLAC\data\extracted_text\地铁快线设计标准(附条文说明).txt,73,True,0.027778,2
,zh,11334,marker_stack_tree,1,88,0,0,0.968237,884,D:\code\Github\SLAC-test\SLAC\data\extracted_text\地铁设计规范.txt,914,True,0.030668,28
,zh,2225,marker_stack_tree,1,5,0,0,0.820312,105,D:\code\Github\SLAC-test\SLAC\data\extracted_text\地铁限界标准(附条文说明).txt,129,True,0.171875,22
,zh,1669,marker_stack_tree,1,0,0,0,0.870968,27,D:\code\Github\SLAC-test\SLAC\data\extracted_text\城市轨道交通工程基本术语标准.txt,32,True,0.096774,3
,zh,362,marker_stack_tree,1,59,0,0,0.86087,99,D:\code\Github\SLAC-test\SLAC\data\extracted_text\城市轨道交通技术规范.txt,116,True,0.130435,15
,zh,7148,marker_stack_tree,1,61,0,1,0.985526,749,D:\code\Github\SLAC-test\SLAC\data\extracted_text\城市轨道交通直线电机牵引系统设计规范(附条文说明).txt,761,True,0.013158,10
,zh,7170,marker_stack_tree,1,0,0,0,0.835616,61,D:\code\Github\SLAC-test\SLAC\data\extracted_text\城市轨道交通设施设备分类与代码.txt,74,True,0.150685,11
,zh,158,marker_stack_tree,1,1,0,0,0.769231,10,D:\code\Github\SLAC-test\SLAC\data\extracted_text\城市轨道交通试运营基本条件.txt,14,True,0.153846,2
,en,520,marker_stack_tree,1,0,0,0,0.765363,137,D:\code\Github\SLAC-test\SLAC\data\extracted_text\城市轨道交通运营管理规范.txt,180,True,0.22905,41
,en,457,marker_stack_tree,1,12,0,0,0.956044,87,D:\code\Github\SLAC-test\SLAC\data\extracted_text\城际铁路站台门系统.txt,92,True,0.032967,3
,zh,8096,marker_stack_tree,1,83,0,0,0.941121,1007,D:\code\Github\SLAC-test\SLAC\data\extracted_text\城际铁路设计规范(附条文说明).txt,1071,True,0.057944,62
,zh,971,marker_stack_tree,1,0,0,0,0.992188,127,D:\code\Github\SLAC-test\SLAC\data\extracted_text\市域快速轨道交通设计标准.txt,129,True,0.0,0
,zh,1656,marker_stack_tree,1,7,0,0,0.953271,204,D:\code\Github\SLAC-test\SLAC\data\extracted_text\改建铁路工程测量规范(附条文说明).txt,215,True,0.042056,9
,zh,635,marker_stack_tree,1,3,0,0,0.769663,137,D:\code\Github\SLAC-test\SLAC\data\extracted_text\标准轨距铁路道岔.txt,179,True,0.224719,40
,zh,138,marker_stack_tree,1,0,0,0,0.966667,29,D:\code\Github\SLAC-test\SLAC\data\extracted_text\浮置板轨道技术规范.txt,31,True,0.0,0
,zh,1871,marker_stack_tree,1,6,0,0,0.917647,156,D:\code\Github\SLAC-test\SLAC\data\extracted_text\磁浮铁路技术标准(试行)(附条文说明).txt,171,True,0.076471,13
,zh,2309,marker_stack_tree,1,5,0,0,0.954397,293,D:\code\Github\SLAC-test\SLAC\data\extracted_text\绿色铁路客站评价标准(附条文说明).txt,308,True,0.042345,13
,zh,69,marker_stack_tree,1,0,0,0,0.8,4,D:\code\Github\SLAC-test\SLAC\data\extracted_text\苏州市轨道交通条例_20221012.txt,6,True,0.0,0
,zh,78,marker_stack_tree,1,0,0,0,0.875,7,D:\code\Github\SLAC-test\SLAC\data\extracted_text\重庆市轨道交通条例_20250326.txt,9,True,0.0,0
,zh,5459,marker_stack_tree,1,48,0,0,0.935728,495,D:\code\Github\SLAC-test\SLAC\data\extracted_text\重载铁路设计规范(附条文说明).txt,530,True,0.062382,33
,zh,1861,marker_stack_tree,1,9,0,0,0.914286,288,D:\code\Github\SLAC-test\SLAC\data\extracted_text\铁路专用线设计规范(试行)(附条文说明).txt,316,True,0.08254,26
,zh,5,marker_stack_tree,1,0,0,0,0.333333,2,D:\code\Github\SLAC-test\SLAC\data\extracted_text\铁路交通事故应急救援和调查处理条例_20121109.txt,7,True,0.5,3
,zh,317,marker_stack_tree,1,4,0,0,0.863636,19,D:\code\Github\SLAC-test\SLAC\data\extracted_text\铁路信号安全数据网.txt,23,True,0.090909,2
,zh,4551,marker_stack_tree,1,5,0,0,0.978903,232,D:\code\Github\SLAC-test\SLAC\data\extracted_text\铁路信号工程施工质量验收标准(附条文说明).txt,238,True,0.016878,4
,en,561,marker_stack_tree,1,1,0,0,0.594595,22,D:\code\Github\SLAC-test\SLAC\data\extracted_text\铁路信号电源系统设备 第1部分_通用要求.txt,38,True,0.378378,14
,zh,812,marker_stack_tree,1,0,0,0,0.8,48,D:\code\Github\SLAC-test\SLAC\data\extracted_text\铁路信号符号.txt,61,True,0.183333,11
,en,215,marker_stack_tree,1,0,0,0,0.85,17,D:\code\Github\SLAC-test\SLAC\data\extracted_text\铁路后张法预应力混凝土梁管道压浆技术条件.txt,21,True,0.1,2
,zh,1112,marker_stack_tree,1,10,0,0,0.989796,194,D:\code\Github\SLAC-test\SLAC\data\extracted_text\铁路声屏障工程施工质量验收标准(附条文说明).txt,197,True,0.005102,1
,zh,2077,marker_stack_tree,1,2,0,0,0.857143,54,D:\code\Github\SLAC-test\SLAC\data\extracted_text\铁路天然建筑材料工程地质勘察规程(附条文说明).txt,64,True,0.126984,8
,zh,22,marker_stack_tree,1,0,0,0,0.178571,5,D:\code\Github\SLAC-test\SLAC\data\extracted_text\铁路安全管理条例_20130817.txt,29,True,0.785714,22
,zh,3622,marker_stack_tree,1,52,0,0,0.947262,467,D:\code\Github\SLAC-test\SLAC\data\extracted_text\铁路工程制图标准.txt,494,True,0.05071,25
,zh,1429,marker_stack_tree,1,4,0,0,0.869565,20,D:\code\Github\SLAC-test\SLAC\data\extracted_text\铁路工程卫星定位测量规范(附条文说明).txt,24,True,0.086957,2
,zh,5600,marker_stack_tree,1,66,0,0,0.861878,624,D:\code\Github\SLAC-test\SLAC\data\extracted_text\铁路工程地质原位测试规程(附条文说明).txt,725,True,0.13674,99
,zh,4103,marker_stack_tree,1,13,0,0,0.953878,455,D:\code\Github\SLAC-test\SLAC\data\extracted_text\铁路工程地质钻探规程(附条文说明).txt,478,True,0.044025,21
,zh,3338,marker_stack_tree,1,0,0,0,0.814815,66,D:\code\Github\SLAC-test\SLAC\data\extracted_text\铁路工程基本术语标准.txt,82,True,0.17284,14
,zh,584,marker_stack_tree,1,4,0,0,0.90625,58,D:\code\Github\SLAC-test\SLAC\data\extracted_text\铁路工程环境保护设计规范(附条文说明).txt,65,True,0.078125,5
,zh,1341,marker_stack_tree,1,1,0,0,0.968421,92,D:\code\Github\SLAC-test\SLAC\data\extracted_text\铁路房屋建筑设计标准(附条文说明).txt,96,True,0.021053,2
,zh,562,marker_stack_tree,1,1,0,0,0.958333,115,D:\code\Github\SLAC-test\SLAC\data\extracted_text\铁路数字移动通信系统(GSM-R)设计规范(附条文说明).txt,121,True,0.033333,4
,zh,1218,marker_stack_tree,1,3,0,0,0.985507,136,D:\code\Github\SLAC-test\SLAC\data\extracted_text\铁路旅客车站建筑设计规范(2011年版).txt,139,True,0.007246,1
,zh,1378,marker_stack_tree,1,12,0,0,0.987342,156,D:\code\Github\SLAC-test\SLAC\data\extracted_text\铁路旅客车站设计规范（附条文说明））(附2022年局部修订).txt,159,True,0.006329,1
,zh,699,marker_stack_tree,1,0,0,0,0.8,20,D:\code\Github\SLAC-test\SLAC\data\extracted_text\铁路桥梁钢支座.txt,26,True,0.16,4
,zh,2973,marker_stack_tree,1,3,0,0,0.850829,154,D:\code\Github\SLAC-test\SLAC\data\extracted_text\铁路桥梁钢结构设计规范(附条文说明).txt,182,True,0.143646,26
,zh,1714,marker_stack_tree,1,1,0,2,0.949153,56,D:\code\Github\SLAC-test\SLAC\data\extracted_text\铁路混凝土结构耐久性设计规范(附条文说明).txt,60,True,0.033898,2
,zh,807,marker_stack_tree,1,3,0,0,0.951613,118,D:\code\Github\SLAC-test\SLAC\data\extracted_text\铁路照明设计规范(附条文说明).txt,125,True,0.040323,5
,zh,2283,marker_stack_tree,1,7,0,0,0.968254,244,D:\code\Github\SLAC-test\SLAC\data\extracted_text\铁路电力工程施工质量验收标准(附条文说明).txt,253,True,0.027778,7
,zh,1339,marker_stack_tree,1,4,0,0,0.951807,158,D:\code\Github\SLAC-test\SLAC\data\extracted_text\铁路电力设计规范(附条文说明).txt,167,True,0.042169,7
,zh,7447,marker_stack_tree,1,28,0,0,0.891892,297,D:\code\Github\SLAC-test\SLAC\data\extracted_text\铁路线路设计规范(附条文说明).txt,334,True,0.105105,35
,zh,3503,marker_stack_tree,1,5,0,0,0.951031,369,D:\code\Github\SLAC-test\SLAC\data\extracted_text\铁路路基支挡结构设计规范.txt,389,True,0.046392,18
,en,303,marker_stack_tree,1,0,0,0,0.2,6,D:\code\Github\SLAC-test\SLAC\data\extracted_text\铁路路基病害分类.txt,31,True,0.766667,23
,zh,1033,marker_stack_tree,1,3,0,0,0.985612,274,D:\code\Github\SLAC-test\SLAC\data\extracted_text\铁路轨道工程施工安全技术规程(附条文说明).txt,279,True,0.010791,3
,zh,3229,marker_stack_tree,1,13,0,0,0.965753,282,D:\code\Github\SLAC-test\SLAC\data\extracted_text\铁路轨道设计规范(附条文说明) (1).txt,293,True,0.030822,9
,zh,3229,marker_stack_tree,1,13,0,0,0.965753,282,D:\code\Github\SLAC-test\SLAC\data\extracted_text\铁路轨道设计规范(附条文说明).txt,293,True,0.030822,9
,zh,4393,marker_stack_tree,1,0,0,0,0.986339,361,D:\code\Github\SLAC-test\SLAC\data\extracted_text\铁路轨道设计规范（极限状态法）.txt,367,True,0.010929,4
,zh,2222,marker_stack_tree,1,26,0,0,0.969484,413,D:\code\Github\SLAC-test\SLAC\data\extracted_text\铁路通信设计规范(附条文说明).txt,427,True,0.028169,12
,en,258,marker_stack_tree,1,0,0,0,0.931034,27,D:\code\Github\SLAC-test\SLAC\data\extracted_text\铁路道岔转换设备 道岔外锁闭装置.txt,30,True,0.034483,1
,zh,1374,marker_stack_tree,1,15,0,0,0.963636,212,D:\code\Github\SLAC-test\SLAC\data\extracted_text\铁路防雷及接地工程技术规范(附条文说明).txt,221,True,0.031818,7
,zh,6202,marker_stack_tree,1,25,0,0,0.866345,538,D:\code\Github\SLAC-test\SLAC\data\extracted_text\铁路隧道设计规范(附条文说明).txt,622,True,0.132045,82
,zh,1049,marker_stack_tree,1,1,0,0,0.907563,108,D:\code\Github\SLAC-test\SLAC\data\extracted_text\铁路隧道运营通风设计规范(附条文说明).txt,120,True,0.084034,10
,zh,312,marker_stack_tree,1,0,0,0,0.714286,10,D:\code\Github\SLAC-test\SLAC\data\extracted_text\铁道客车及动车组空调装置运用试验方法.txt,15,True,0.214286,3
,zh,77,marker_stack_tree,1,0,0,0,0.833333,5,D:\code\Github\SLAC-test\SLAC\data\extracted_text\长沙市轨道交通条例_20221021.txt,7,True,0.0,0
,zh,112,marker_stack_tree,1,4,0,0,0.890909,49,D:\code\Github\SLAC-test\SLAC\data\extracted_text\高速铁路岔区轨枕埋入式无砟轨道混凝土岔枕.txt,56,True,0.090909,5
,zh,1894,marker_stack_tree,1,6,0,0,0.972376,176,D:\code\Github\SLAC-test\SLAC\data\extracted_text\高速铁路工程测量规范(附条文说明).txt,182,True,0.022099,4
,en,215,marker_stack_tree,1,0,0,0,0.764706,13,D:\code\Github\SLAC-test\SLAC\data\extracted_text\高速铁路无砟轨道不平顺谱.txt,18,True,0.176471,3
,en,3527,marker_stack_tree,1,136,0,0,0.970248,587,D:\code\Github\SLAC-test\SLAC\data\extracted_text\高速铁路桥涵工程施工质量验收标准(附条文说明).txt,606,True,0.028099,17
,zh,2876,marker_stack_tree,1,10,0,0,0.975225,433,D:\code\Github\SLAC-test\SLAC\data\extracted_text\高速铁路电力工程施工质量验收标准(附条文说明).txt,445,True,0.022523,10
,en,273,marker_stack_tree,1,21,0,0,0.893617,84,D:\code\Github\SLAC-test\SLAC\data\extracted_text\高速铁路箱梁运梁车.txt,95,True,0.095745,9
,zh,4559,marker_stack_tree,1,35,0,0,0.983353,827,D:\code\Github\SLAC-test\SLAC\data\extracted_text\高速铁路设计规范.txt,842,True,0.015458,13
,zh,6018,marker_stack_tree,1,155,0,0,0.948052,730,D:\code\Github\SLAC-test\SLAC\data\extracted_text\高速铁路路基工程施工质量验收标准(附条文说明).txt,771,True,0.050649,39
,zh,2795,marker_stack_tree,1,45,0,0,0.973799,446,D:\code\Github\SLAC-test\SLAC\data\extracted_text\高速铁路轨道工程施工质量验收标准(附条文说明).txt,459,True,0.024017,11
,zh,1769,marker_stack_tree,1,21,0,0,0.970501,329,D:\code\Github\SLAC-test\SLAC\data\extracted_text\高速铁路隧道工程施工质量验收标准(附条文说明).txt,340,True,0.026549,9
